4194304,20,64,1,16,2,with,77.6215419769
4194304,20,64,1,16,2,with,79.7537989616
4194304,20,64,1,16,2,with,76.4515299797
4194304,20,64,1,16,2,with,81.2332570553
4194304,20,64,1,16,2,with,78.2868249416
4194304,20,64,1,16,2,with,81.5767991543
4194304,20,64,1,16,2,with,80.511702776
4194304,20,64,1,16,2,with,77.5362491608
4194304,20,64,1,16,2,with,81.5345230103
4194304,20,64,1,16,2,with,79.7892618179
4194304,20,64,1,16,2,with,79.3549158573
4194304,20,64,1,16,2,with,78.6205630302
4194304,20,64,1,16,2,with,83.6988759041
4194304,20,64,1,16,2,with,82.7743167877
4194304,20,64,1,16,2,with,81.8658549786
4194304,20,64,1,16,2,with,77.8274879456
4194304,20,64,1,16,2,with,82.3571748734
4194304,20,64,1,16,2,with,78.2362418175
4194304,20,64,1,16,2,with,79.5199348927
4194304,20,64,1,16,2,with,78.6991999149
4194304,20,64,1,16,2,with,77.8173909187
4194304,20,64,1,16,2,with,80.8745219707
4194304,20,64,1,16,2,with,78.070401907
4194304,20,64,1,16,2,with,77.1643509865
4194304,20,64,1,16,2,with,77.0899541378
4194304,20,64,1,16,2,with,78.261713028
4194304,20,64,1,16,2,with,76.5693268776
4194304,20,64,1,16,2,with,79.138258934
4194304,20,64,1,16,2,with,77.4588871002
4194304,20,64,1,16,2,with,77.8765079975
4194304,20,64,1,16,2,with,77.8464698792
4194304,20,64,1,16,2,with,77.1424460411
4194304,20,64,1,16,2,with,77.3702340126
4194304,20,64,1,16,2,with,78.4435629845
4194304,20,64,1,16,2,with,77.7585179806
4194304,20,64,1,16,2,with,80.6055788994
4194304,20,64,1,16,2,with,81.2411620617
4194304,20,64,1,16,2,with,82.1568908691
4194304,20,64,1,16,2,with,79.7705218792
4194304,20,64,1,16,2,with,81.2120060921
4194304,20,64,1,16,2,with,81.7107181549
4194304,20,64,1,16,2,with,79.3295750618
4194304,20,64,1,16,2,with,79.3318200111
4194304,20,64,1,16,2,with,78.7564060688
4194304,20,64,1,16,2,with,82.6845641136
4194304,20,64,1,16,2,with,80.881814003
4194304,20,64,1,16,2,with,80.1436882019
4194304,20,64,1,16,2,with,80.8195419312
4194304,20,64,1,16,2,with,79.3330609798
4194304,20,64,1,16,2,with,76.8658089638
2048,20,64,4,16,2,with,7.55488204956
2048,20,64,4,16,2,with,6.57377195358
2048,20,64,4,16,2,with,6.38166904449
2048,20,64,4,16,2,with,6.46990299225
2048,20,64,4,16,2,with,6.54451680183
2048,20,64,4,16,2,with,6.90788578987
2048,20,64,4,16,2,with,6.6667599678
2048,20,64,4,16,2,with,6.5706679821
2048,20,64,4,16,2,with,6.56508994102
2048,20,64,4,16,2,with,6.50498104095
2048,20,64,4,16,2,with,6.49211287498
2048,20,64,4,16,2,with,6.5823829174
2048,20,64,4,16,2,with,6.5603120327
2048,20,64,4,16,2,with,6.62308192253
2048,20,64,4,16,2,with,6.80683708191
2048,20,64,4,16,2,with,6.5264980793
2048,20,64,4,16,2,with,6.60571789742
2048,20,64,4,16,2,with,6.58263397217
2048,20,64,4,16,2,with,6.54960799217
2048,20,64,4,16,2,with,6.62704586983
2048,20,64,4,16,2,with,6.50982117653
2048,20,64,4,16,2,with,6.74852919579
2048,20,64,4,16,2,with,6.56605696678
2048,20,64,4,16,2,with,6.76092600822
2048,20,64,4,16,2,with,6.49628710747
2048,20,64,4,16,2,with,6.59046196938
2048,20,64,4,16,2,with,7.04940009117
2048,20,64,4,16,2,with,6.57843613625
2048,20,64,4,16,2,with,6.59295487404
2048,20,64,4,16,2,with,6.48528504372
2048,20,64,4,16,2,with,6.41375494003
2048,20,64,4,16,2,with,6.68478393555
2048,20,64,4,16,2,with,6.57572793961
2048,20,64,4,16,2,with,6.68043017387
2048,20,64,4,16,2,with,6.55070495605
2048,20,64,4,16,2,with,6.7183380127
2048,20,64,4,16,2,with,7.64500808716
2048,20,64,4,16,2,with,6.55921602249
2048,20,64,4,16,2,with,6.83726000786
2048,20,64,4,16,2,with,6.6119890213
2048,20,64,4,16,2,with,6.58131098747
2048,20,64,4,16,2,with,6.59607791901
2048,20,64,4,16,2,with,6.45570993423
2048,20,64,4,16,2,with,6.87679100037
2048,20,64,4,16,2,with,6.49723100662
2048,20,64,4,16,2,with,6.45711898804
2048,20,64,4,16,2,with,6.63407421112
2048,20,64,4,16,2,with,6.79852700233
2048,20,64,4,16,2,with,6.4872739315
2048,20,64,4,16,2,with,6.63448095322
4194304,20,64,1,16,2,without,84.2789070606
4194304,20,64,1,16,2,without,87.9440670013
4194304,20,64,1,16,2,without,90.6759831905
4194304,20,64,1,16,2,without,89.6373569965
4194304,20,64,1,16,2,without,81.9552519321
4194304,20,64,1,16,2,without,91.2993049622
4194304,20,64,1,16,2,without,90.8086941242
4194304,20,64,1,16,2,without,88.0876140594
4194304,20,64,1,16,2,without,90.7711100578
4194304,20,64,1,16,2,without,83.7978420258
4194304,20,64,1,16,2,without,87.8795681
4194304,20,64,1,16,2,without,91.7317419052
4194304,20,64,1,16,2,without,85.463488102
4194304,20,64,1,16,2,without,89.4091031551
4194304,20,64,1,16,2,without,85.9882030487
4194304,20,64,1,16,2,without,84.8524398804
4194304,20,64,1,16,2,without,89.1695621014
4194304,20,64,1,16,2,without,81.5581309795
4194304,20,64,1,16,2,without,83.3262848854
4194304,20,64,1,16,2,without,84.2943129539
4194304,20,64,1,16,2,without,88.093793869
4194304,20,64,1,16,2,without,81.980066061
4194304,20,64,1,16,2,without,88.5154519081
4194304,20,64,1,16,2,without,84.6025810242
4194304,20,64,1,16,2,without,87.3954749107
4194304,20,64,1,16,2,without,83.4415040016
4194304,20,64,1,16,2,without,89.1136460304
4194304,20,64,1,16,2,without,92.8966970444
4194304,20,64,1,16,2,without,87.6989109516
4194304,20,64,1,16,2,without,85.7431621552
4194304,20,64,1,16,2,without,88.9771640301
4194304,20,64,1,16,2,without,84.1855020523
4194304,20,64,1,16,2,without,86.0082800388
4194304,20,64,1,16,2,without,88.9249908924
4194304,20,64,1,16,2,without,87.2407331467
4194304,20,64,1,16,2,without,83.6590869427
4194304,20,64,1,16,2,without,88.3682260513
4194304,20,64,1,16,2,without,89.103304863
4194304,20,64,1,16,2,without,84.3299949169
4194304,20,64,1,16,2,without,87.2433800697
4194304,20,64,1,16,2,without,84.0814831257
4194304,20,64,1,16,2,without,93.4018249512
4194304,20,64,1,16,2,without,81.8738460541
4194304,20,64,1,16,2,without,89.4502120018
4194304,20,64,1,16,2,without,81.503082037
4194304,20,64,1,16,2,without,90.5809030533
4194304,20,64,1,16,2,without,81.0191178322
4194304,20,64,1,16,2,without,84.0854759216
4194304,20,64,1,16,2,without,79.6344008446
4194304,20,64,1,16,2,without,81.0246081352
2048,20,64,4,16,2,without,8.41212701797
2048,20,64,4,16,2,without,8.00799798965
2048,20,64,4,16,2,without,6.53521299362
2048,20,64,4,16,2,without,6.62468600273
2048,20,64,4,16,2,without,6.77578306198
2048,20,64,4,16,2,without,6.56784415245
2048,20,64,4,16,2,without,6.6797440052
2048,20,64,4,16,2,without,6.67925310135
2048,20,64,4,16,2,without,6.50112199783
2048,20,64,4,16,2,without,6.54991602898
2048,20,64,4,16,2,without,6.73166584969
2048,20,64,4,16,2,without,6.5243139267
2048,20,64,4,16,2,without,6.56207299232
2048,20,64,4,16,2,without,6.71009588242
2048,20,64,4,16,2,without,6.39842700958
2048,20,64,4,16,2,without,6.60481309891
2048,20,64,4,16,2,without,6.41114807129
2048,20,64,4,16,2,without,9.07855296135
2048,20,64,4,16,2,without,6.62432289124
2048,20,64,4,16,2,without,6.78028607368
2048,20,64,4,16,2,without,6.51082611084
2048,20,64,4,16,2,without,6.35812902451
2048,20,64,4,16,2,without,6.45728898048
2048,20,64,4,16,2,without,6.50294184685
2048,20,64,4,16,2,without,6.34757184982
2048,20,64,4,16,2,without,6.48458695412
2048,20,64,4,16,2,without,6.6008939743
2048,20,64,4,16,2,without,6.63326501846
2048,20,64,4,16,2,without,6.50203204155
2048,20,64,4,16,2,without,6.52193212509
2048,20,64,4,16,2,without,6.50400710106
2048,20,64,4,16,2,without,6.68014001846
2048,20,64,4,16,2,without,6.6049990654
2048,20,64,4,16,2,without,6.52283716202
2048,20,64,4,16,2,without,6.46879005432
2048,20,64,4,16,2,without,6.57115006447
2048,20,64,4,16,2,without,6.68999409676
2048,20,64,4,16,2,without,6.47336602211
2048,20,64,4,16,2,without,6.6136739254
2048,20,64,4,16,2,without,6.63479495049
2048,20,64,4,16,2,without,6.56628012657
2048,20,64,4,16,2,without,6.48933196068
2048,20,64,4,16,2,without,6.66065311432
2048,20,64,4,16,2,without,6.6723279953
2048,20,64,4,16,2,without,6.6371691227
2048,20,64,4,16,2,without,6.47755289078
2048,20,64,4,16,2,without,6.66621017456
2048,20,64,4,16,2,without,6.69364309311
2048,20,64,4,16,2,without,6.43371200562
2048,20,64,4,16,2,without,6.47469115257
4194304,20,64,4,16,2,with,871.871247053
4194304,20,64,4,16,2,with,901.27028203
4194304,20,64,4,16,2,with,885.229386806
4194304,20,64,4,16,2,with,893.222481966
4194304,20,64,4,16,2,with,910.026819944
4194304,20,64,4,16,2,with,898.014838934
4194304,20,64,4,16,2,with,884.012481928
4194304,20,64,4,16,2,with,882.025577068
4194304,20,64,4,16,2,with,882.567336798
4194304,20,64,4,16,2,with,889.852129936
4194304,20,64,4,16,2,with,898.558961868
4194304,20,64,4,16,2,with,889.58655405
4194304,20,64,4,16,2,with,881.531287193
4194304,20,64,4,16,2,with,892.212642193
4194304,20,64,4,16,2,with,881.961417913
4194304,20,64,4,16,2,with,896.408386946
4194304,20,64,4,16,2,with,916.534729958
4194304,20,64,4,16,2,with,887.177103043
4194304,20,64,4,16,2,with,894.277987957
4194304,20,64,4,16,2,with,884.354244947
4194304,20,64,4,16,2,with,894.580515862
4194304,20,64,4,16,2,with,908.557700872
4194304,20,64,4,16,2,with,900.699627876
4194304,20,64,4,16,2,with,896.132787943
4194304,20,64,4,16,2,with,913.889769077
4194304,20,64,4,16,2,with,884.827538013
4194304,20,64,4,16,2,with,884.33102107
4194304,20,64,4,16,2,with,883.835879087
4194304,20,64,4,16,2,with,888.340842009
4194304,20,64,4,16,2,with,889.540122032
4194304,20,64,4,16,2,with,902.481876135
4194304,20,64,4,16,2,with,913.053447008
4194304,20,64,4,16,2,with,882.313680887
4194304,20,64,4,16,2,with,889.037795067
4194304,20,64,4,16,2,with,888.880378008
4194304,20,64,4,16,2,with,885.851148844
4194304,20,64,4,16,2,with,888.120674849
4194304,20,64,4,16,2,with,877.834066153
4194304,20,64,4,16,2,with,895.364278078
4194304,20,64,4,16,2,with,881.280263901
4194304,20,64,4,16,2,with,880.233062983
4194304,20,64,4,16,2,with,904.138173819
4194304,20,64,4,16,2,with,886.689998865
4194304,20,64,4,16,2,with,882.077477932
4194304,20,64,4,16,2,with,880.912695885
4194304,20,64,4,16,2,with,892.415930033
4194304,20,64,4,16,2,with,882.707020998
4194304,20,64,4,16,2,with,895.736104965
4194304,20,64,4,16,2,with,875.116091013
4194304,20,64,4,16,2,with,883.673804998
4194304,20,128,4,16,2,with,934.499655008
4194304,20,128,4,16,2,with,939.759680986
4194304,20,128,4,16,2,with,952.704724073
4194304,20,128,4,16,2,with,937.994493008
4194304,20,128,4,16,2,with,934.661490917
4194304,20,128,4,16,2,with,926.788923979
4194304,20,128,4,16,2,with,952.046217918
4194304,20,128,4,16,2,with,932.697834969
4194304,20,128,4,16,2,with,937.157365084
4194304,20,128,4,16,2,with,930.401019096
4194304,20,128,4,16,2,with,950.882431984
4194304,20,128,4,16,2,with,966.739151001
4194304,20,128,4,16,2,with,945.834372997
4194304,20,128,4,16,2,with,934.887737036
4194304,20,128,4,16,2,with,938.284832954
4194304,20,128,4,16,2,with,937.710033894
4194304,20,128,4,16,2,with,927.629852057
4194304,20,128,4,16,2,with,948.554672003
4194304,20,128,4,16,2,with,929.974498987
4194304,20,128,4,16,2,with,929.82630682
4194304,20,128,4,16,2,with,978.820926905
4194304,20,128,4,16,2,with,942.180410147
4194304,20,128,4,16,2,with,931.359401941
4194304,20,128,4,16,2,with,927.599476099
4194304,20,128,4,16,2,with,939.090899944
4194304,20,128,4,16,2,with,915.852836132
4194304,20,128,4,16,2,with,933.954234123
4194304,20,128,4,16,2,with,936.468960047
4194304,20,128,4,16,2,with,932.638495922
4194304,20,128,4,16,2,with,950.448441982
4194304,20,128,4,16,2,with,925.036923885
4194304,20,128,4,16,2,with,942.558809996
4194304,20,128,4,16,2,with,972.473540068
4194304,20,128,4,16,2,with,943.514777899
4194304,20,128,4,16,2,with,948.443461895
4194304,20,128,4,16,2,with,929.478492975
4194304,20,128,4,16,2,with,943.517874956
4194304,20,128,4,16,2,with,927.990196943
4194304,20,128,4,16,2,with,937.696754932
4194304,20,128,4,16,2,with,955.974564075
4194304,20,128,4,16,2,with,959.514428139
4194304,20,128,4,16,2,with,942.432713032
4194304,20,128,4,16,2,with,964.968116045
4194304,20,128,4,16,2,with,926.808668137
4194304,20,128,4,16,2,with,941.668243885
4194304,20,128,4,16,2,with,942.371252775
4194304,20,128,4,16,2,with,943.582147121
4194304,20,128,4,16,2,with,971.189296007
4194304,20,128,4,16,2,with,938.815520048
4194304,20,128,4,16,2,with,933.280188084
4194304,20,64,4,16,2,without,1007.63670492
4194304,20,64,4,16,2,without,1024.19068599
4194304,20,64,4,16,2,without,981.390442848
4194304,20,64,4,16,2,without,979.565144062
4194304,20,64,4,16,2,without,976.267881155
4194304,20,64,4,16,2,without,982.121688128
4194304,20,64,4,16,2,without,993.690130949
4194304,20,64,4,16,2,without,1032.48594189
4194304,20,64,4,16,2,without,974.902712822
4194304,20,64,4,16,2,without,1010.92198086
4194304,20,64,4,16,2,without,1012.80106688
4194304,20,64,4,16,2,without,973.593650103
4194304,20,64,4,16,2,without,979.553596973
4194304,20,64,4,16,2,without,969.230573893
4194304,20,64,4,16,2,without,991.4532969
4194304,20,64,4,16,2,without,974.056392193
4194304,20,64,4,16,2,without,974.234730959
4194304,20,64,4,16,2,without,971.621488094
4194304,20,64,4,16,2,without,975.895712137
4194304,20,64,4,16,2,without,976.225404024
4194304,20,64,4,16,2,without,997.319497108
4194304,20,64,4,16,2,without,973.50377512
4194304,20,64,4,16,2,without,992.098045826
4194304,20,64,4,16,2,without,1007.84600806
4194304,20,64,4,16,2,without,1005.55522108
4194304,20,64,4,16,2,without,982.770550966
4194304,20,64,4,16,2,without,982.419837952
4194304,20,64,4,16,2,without,981.17929101
4194304,20,64,4,16,2,without,994.200944901
4194304,20,64,4,16,2,without,974.213304996
4194304,20,64,4,16,2,without,996.549992085
4194304,20,64,4,16,2,without,980.120609999
4194304,20,64,4,16,2,without,1004.79156399
4194304,20,64,4,16,2,without,967.810081005
4194304,20,64,4,16,2,without,967.237061977
4194304,20,64,4,16,2,without,1017.4830718
4194304,20,64,4,16,2,without,1010.16795683
4194304,20,64,4,16,2,without,971.276100874
4194304,20,64,4,16,2,without,976.796511173
4194304,20,64,4,16,2,without,980.659883022
4194304,20,64,4,16,2,without,1021.84208703
4194304,20,64,4,16,2,without,968.312958002
4194304,20,64,4,16,2,without,1001.58283019
4194304,20,64,4,16,2,without,971.039451838
4194304,20,64,4,16,2,without,979.3134799
4194304,20,64,4,16,2,without,981.885892153
4194304,20,64,4,16,2,without,985.854823828
4194304,20,64,4,16,2,without,970.138468981
4194304,20,64,4,16,2,without,987.037705183
4194304,20,64,4,16,2,without,989.316858053
4194304,20,128,4,16,2,without,1558.00689507
4194304,20,128,4,16,2,without,1588.92219996
4194304,20,128,4,16,2,without,1600.77014709
4194304,20,128,4,16,2,without,1579.23208594
4194304,20,128,4,16,2,without,1578.33234906
4194304,20,128,4,16,2,without,1559.17729807
4194304,20,128,4,16,2,without,1594.24461794
4194304,20,128,4,16,2,without,1615.60775709
4194304,20,128,4,16,2,without,1581.52671814
4194304,20,128,4,16,2,without,1595.89437699
4194304,20,128,4,16,2,without,1580.4059031
4194304,20,128,4,16,2,without,1572.27069902
4194304,20,128,4,16,2,without,1595.74526501
4194304,20,128,4,16,2,without,1572.93187404
4194304,20,128,4,16,2,without,1572.59524298
4194304,20,128,4,16,2,without,1581.72461104
4194304,20,128,4,16,2,without,1587.14718914
4194304,20,128,4,16,2,without,1580.31624603
4194304,20,128,4,16,2,without,1651.82069302
4194304,20,128,4,16,2,without,1591.54388595
4194304,20,128,4,16,2,without,1583.73354697
4194304,20,128,4,16,2,without,1579.90261292
4194304,20,128,4,16,2,without,1598.49326587
4194304,20,128,4,16,2,without,1571.779387
4194304,20,128,4,16,2,without,1572.75598598
4194304,20,128,4,16,2,without,1566.23686218
4194304,20,128,4,16,2,without,1632.38057303
4194304,20,128,4,16,2,without,1572.17894602
4194304,20,128,4,16,2,without,1585.06491423
4194304,20,128,4,16,2,without,1591.37621093
4194304,20,128,4,16,2,without,1559.67249894
4194304,20,128,4,16,2,without,1595.48348188
4194304,20,128,4,16,2,without,1584.82617211
4194304,20,128,4,16,2,without,1579.13251615
4194304,20,128,4,16,2,without,1591.459723
4194304,20,128,4,16,2,without,1588.13623881
4194304,20,128,4,16,2,without,1584.60081506
8388608,20,64,4,16,2,with,1763.52254701
8388608,20,64,4,16,2,with,1773.28021789
8388608,20,64,4,16,2,with,1762.53051496
8388608,20,64,4,16,2,with,1761.28194785
8388608,20,64,4,16,2,with,1775.83255005
8388608,20,64,4,16,2,with,1797.00622797
8388608,20,64,4,16,2,with,1768.82930994
8388608,20,64,4,16,2,with,1788.49724913
8388608,20,64,4,16,2,with,1787.92617917
8388608,20,64,4,16,2,with,1790.7798171
8388608,20,64,4,16,2,with,1821.24270892
8388608,20,64,4,16,2,with,1781.60534096
8388608,20,64,4,16,2,with,1766.34824491
8388608,20,64,4,16,2,with,1779.55226994
8388608,20,64,4,16,2,with,1813.75607514
8388608,20,64,4,16,2,with,1754.39608121
8388608,20,64,4,16,2,with,1804.1413188
8388608,20,64,4,16,2,with,1835.53633785
8388608,20,64,4,16,2,with,1793.30907989
8388608,20,64,4,16,2,with,1811.62529993
8388608,20,64,4,16,2,with,1779.18347096
8388608,20,64,4,16,2,with,1865.18547106
8388608,20,64,4,16,2,with,1766.01111293
8388608,20,64,4,16,2,with,1811.24893689
8388608,20,64,4,16,2,with,1780.56802416
8388608,20,64,4,16,2,with,1861.03942394
8388608,20,64,4,16,2,with,1797.75254607
8388608,20,64,4,16,2,with,1832.01944399
8388608,20,64,4,16,2,with,1772.53255796
8388608,20,64,4,16,2,with,1838.83128405
8388608,20,64,4,16,2,with,1795.93867517
8388608,20,64,4,16,2,with,1802.66474819
8388608,20,64,4,16,2,with,1790.81825185
8388608,20,64,4,16,2,with,1891.86702085
8388608,20,64,4,16,2,with,1790.20394611
8388608,20,64,4,16,2,with,1814.24419618
8388608,20,64,4,16,2,with,1847.022403
8388608,20,64,4,16,2,with,1801.537462
8388608,20,64,4,16,2,with,1806.10566115
8388608,20,64,4,16,2,with,1803.42390394
8388608,20,64,4,16,2,with,1789.83138204
8388608,20,64,4,16,2,with,1809.01576996
8388608,20,64,4,16,2,with,1770.58415914
8388608,20,64,4,16,2,with,1767.94992805
8388608,20,64,4,16,2,with,1781.14418507
8388608,20,64,4,16,2,with,1916.70612502
8388608,20,64,4,16,2,with,1774.08317399
8388608,20,64,4,16,2,with,1842.17533302
8388608,20,64,4,16,2,with,1793.59035206
8388608,20,64,4,16,2,with,1815.89442778
4194304,50,64,4,16,2,with,2135.10412192
4194304,50,64,4,16,2,with,2180.86407709
4194304,50,64,4,16,2,with,2163.71908903
4194304,50,64,4,16,2,with,2182.84314489
4194304,50,64,4,16,2,with,2160.85079885
4194304,50,64,4,16,2,with,2170.425776
4194304,50,64,4,16,2,with,2186.44458914
4194304,50,64,4,16,2,with,2198.13047385
4194304,50,64,4,16,2,with,2248.49964905
4194304,50,64,4,16,2,with,2160.81550479
4194304,50,64,4,16,2,with,2195.79727292
4194304,50,64,4,16,2,with,2254.07002187
4194304,50,64,4,16,2,with,2171.90462995
4194304,50,64,4,16,2,with,2166.35999894
4194304,50,64,4,16,2,with,2200.12714791
4194304,50,64,4,16,2,with,2191.81916213
4194304,50,64,4,16,2,with,2168.70430398
4194304,50,64,4,16,2,with,2163.88900805
4194304,50,64,4,16,2,with,2180.66101098
4194304,50,64,4,16,2,with,2171.35993505
4194304,50,64,4,16,2,with,2203.50962996
4194304,50,64,4,16,2,with,2152.90690994
4194304,50,64,4,16,2,with,2170.74112487
4194304,50,64,4,16,2,with,2197.52725005
4194304,50,64,4,16,2,with,2167.12385297
4194304,50,64,4,16,2,with,2148.14226818
4194304,50,64,4,16,2,with,2215.72363997
4194304,50,64,4,16,2,with,2185.36550498
4194304,50,64,4,16,2,with,2196.26348901
4194304,50,64,4,16,2,with,2168.449368
4194304,50,64,4,16,2,with,2219.01485705
4194304,50,64,4,16,2,with,2148.69015694
4194304,50,64,4,16,2,with,2161.61703014
4194304,50,64,4,16,2,with,2226.64584708
4194304,50,64,4,16,2,with,2149.82359314
4194304,50,64,4,16,2,with,2238.21978283
4194304,50,64,4,16,2,with,2136.29129601
4194304,50,64,4,16,2,with,2212.33210707
4194304,50,64,4,16,2,with,2200.61572289
4194304,50,64,4,16,2,with,2145.45479798
4194304,50,64,4,16,2,with,2185.35627794
4194304,50,64,4,16,2,with,2178.91120911
4194304,50,64,4,16,2,with,2132.49292898
4194304,50,64,4,16,2,with,2174.20052385
4194304,50,64,4,16,2,with,2209.32174706
4194304,50,64,4,16,2,with,2260.54209304
4194304,50,64,4,16,2,with,2175.07403803
4194304,50,64,4,16,2,with,2143.26264
4194304,50,64,4,16,2,with,2134.02624488
4194304,50,64,4,16,2,with,2171.21813607
4194304,50,64,4,16,2,without,2472.51621604
4194304,50,64,4,16,2,without,2412.95177007
4194304,50,64,4,16,2,without,2459.71288395
4194304,50,64,4,16,2,without,2422.46189785
4194304,50,64,4,16,2,without,2463.84366894
4194304,50,64,4,16,2,without,2454.012954
4194304,50,64,4,16,2,without,2456.74786878
4194304,50,64,4,16,2,without,2410.35011601
4194304,50,64,4,16,2,without,2389.23401189
4194304,50,64,4,16,2,without,2533.72736096
4194304,50,64,4,16,2,without,2451.13197398
4194304,50,64,4,16,2,without,2421.33162498
4194304,50,64,4,16,2,without,2414.03879499
4194304,50,64,4,16,2,without,2435.58447194
4194304,50,64,4,16,2,without,2420.9027009
4194304,50,64,4,16,2,without,2437.32165599
4194304,50,64,4,16,2,without,2469.22091794
4194304,50,64,4,16,2,without,2539.65327096
4194304,50,64,4,16,2,without,2454.75853014
4194304,50,64,4,16,2,without,2399.18948793
4194304,50,64,4,16,2,without,2423.73988795
4194304,50,64,4,16,2,without,2421.00296283
4194304,50,64,4,16,2,without,2408.10745788
4194304,50,64,4,16,2,without,2411.77301383
4194304,50,64,4,16,2,without,2496.93563986
4194304,50,64,4,16,2,without,2449.16876888
4194304,50,64,4,16,2,without,2402.04508805
4194304,50,64,4,16,2,without,2414.12330699
4194304,50,64,4,16,2,without,2464.84027815
4194304,50,64,4,16,2,without,2431.91009617
4194304,50,64,4,16,2,without,2393.90779901
4194304,50,64,4,16,2,without,2442.71058607
4194304,50,64,4,16,2,without,2435.45425606
4194304,50,64,4,16,2,without,2396.12299705
4194304,50,64,4,16,2,without,2463.94295812
4194304,50,64,4,16,2,without,2562.90654111
4194304,50,64,4,16,2,without,2501.94309807
4194304,50,64,4,16,2,without,2473.50626993
4194304,50,64,4,16,2,without,2434.25061297
4194304,50,64,4,16,2,without,2501.15621686
4194304,50,64,4,16,2,without,2387.9921422
4194304,50,64,4,16,2,without,2450.84157085
4194304,50,64,4,16,2,without,2414.82882214
4194304,50,64,4,16,2,without,2442.12402511
4194304,50,64,4,16,2,without,2490.81718421
4194304,50,64,4,16,2,without,2363.42520213
4194304,50,64,4,16,2,without,2424.59522009
4194304,50,64,4,16,2,without,2418.424788
4194304,50,64,4,16,2,without,2479.06748796
8388608,20,64,4,16,2,without,2381.7049439
8388608,20,64,4,16,2,without,2436.1183331
8388608,20,64,4,16,2,without,2410.88531208
8388608,20,64,4,16,2,without,2385.78340006
8388608,20,64,4,16,2,without,2426.42715192
8388608,20,64,4,16,2,without,2380.33201504
8388608,20,64,4,16,2,without,2404.39270711
8388608,20,64,4,16,2,without,2412.33446884
8388608,20,64,4,16,2,without,2389.17146015
8388608,20,64,4,16,2,without,2483.53060293
8388608,20,64,4,16,2,without,2413.84215999
8388608,20,64,4,16,2,without,2415.37164402
8388608,20,64,4,16,2,without,2434.84981108
8388608,20,64,4,16,2,without,2416.68400478
8388608,20,64,4,16,2,without,2398.92740798
8388608,20,64,4,16,2,without,2411.80763507
8388608,20,64,4,16,2,without,2412.94010115
8388608,20,64,4,16,2,without,2414.59388995
8388608,20,64,4,16,2,without,2375.19100094
8388608,20,64,4,16,2,without,2403.72470617
8388608,20,64,4,16,2,without,2414.46241307
8388608,20,64,4,16,2,without,2421.14125705
8388608,20,64,4,16,2,without,2376.07734609
8388608,20,64,4,16,2,without,2412.05961299
8388608,20,64,4,16,2,without,2386.0170362
8388608,20,64,4,16,2,without,2395.59475803
8388608,20,64,4,16,2,without,2411.11652803
8388608,20,64,4,16,2,without,2424.22850418
8388608,20,64,4,16,2,without,2368.41087508
8388608,20,64,4,16,2,without,2402.98449779
8388608,20,64,4,16,2,without,2376.66651011
8388608,20,64,4,16,2,without,2414.42743397
8388608,20,64,4,16,2,without,2386.76675797
8388608,20,64,4,16,2,without,2392.372293
8388608,20,64,4,16,2,without,2379.67037916
8388608,20,64,4,16,2,without,2378.44248295
8388608,20,64,4,16,2,without,2453.62470007
8388608,20,64,4,16,2,without,2438.69035888
8388608,20,64,4,16,2,without,2434.94012594
8388608,20,64,4,16,2,without,2398.56646109
8388608,20,64,4,16,2,without,2428.41464782
8388608,20,64,4,16,2,without,2392.02323604
8388608,20,64,4,16,2,without,2404.66377807
8388608,20,64,4,16,2,without,2416.72599006
8388608,20,64,4,16,2,without,2458.37043595
8388608,20,64,4,16,2,without,2396.16812301
8388608,20,64,4,16,2,without,2383.63615608
8388608,20,64,4,16,2,without,2445.12094283
8388608,20,64,4,16,2,without,2422.64353418
32768,20,64,4,16,2,with,15.6154830456
32768,20,64,4,16,2,with,13.9047849178
32768,20,64,4,16,2,with,14.1729371548
32768,20,64,4,16,2,with,14.0828709602
32768,20,64,4,16,2,with,13.2710080147
32768,20,64,4,16,2,with,14.619800806
32768,20,64,4,16,2,with,13.7522780895
32768,20,64,4,16,2,with,13.4653098583
32768,20,64,4,16,2,with,13.7983698845
32768,20,64,4,16,2,with,13.5617439747
32768,20,64,4,16,2,with,14.1695251465
32768,20,64,4,16,2,with,13.9233489037
32768,20,64,4,16,2,with,13.7963531017
32768,20,64,4,16,2,with,14.199379921
32768,20,64,4,16,2,with,14.2254889011
32768,20,64,4,16,2,with,13.8707129955
32768,20,64,4,16,2,with,13.5813579559
32768,20,64,4,16,2,with,14.3214840889
32768,20,64,4,16,2,with,13.4227850437
32768,20,64,4,16,2,with,13.4255998135
32768,20,64,4,16,2,with,14.0732431412
32768,20,64,4,16,2,with,13.9193079472
32768,20,64,4,16,2,with,13.2710831165
32768,20,64,4,16,2,with,14.2622060776
32768,20,64,4,16,2,with,14.7086901665
32768,20,64,4,16,2,with,13.2745478153
32768,20,64,4,16,2,with,13.4410171509
32768,20,64,4,16,2,with,14.0215809345
32768,20,64,4,16,2,with,13.6647181511
32768,20,64,4,16,2,with,13.7395980358
32768,20,64,4,16,2,with,12.9565320015
32768,20,64,4,16,2,with,14.7032752037
32768,20,64,4,16,2,with,13.7933399677
32768,20,64,4,16,2,with,14.6811189651
32768,20,64,4,16,2,with,14.0186870098
32768,20,64,4,16,2,with,13.8113279343
32768,20,64,4,16,2,with,14.0622460842
32768,20,64,4,16,2,with,14.0411140919
32768,20,64,4,16,2,with,12.953742981
32768,20,64,4,16,2,with,13.3390190601
32768,20,64,4,16,2,with,13.3858790398
32768,20,64,4,16,2,with,14.1919720173
32768,20,64,4,16,2,with,13.9724431038
32768,20,64,4,16,2,with,13.3163180351
32768,20,64,4,16,2,with,13.4137310982
32768,20,64,4,16,2,with,13.8240909576
32768,20,64,4,16,2,with,14.1515011787
32768,20,64,4,16,2,with,13.711523056
32768,20,64,4,16,2,with,13.1704928875
32768,20,64,4,16,2,with,13.5604410172
32768,20,64,4,16,2,without,14.1398639679
32768,20,64,4,16,2,without,13.8077299595
32768,20,64,4,16,2,without,13.3487119675
32768,20,64,4,16,2,without,13.341201067
32768,20,64,4,16,2,without,13.951887846
32768,20,64,4,16,2,without,13.9990739822
32768,20,64,4,16,2,without,13.2098469734
32768,20,64,4,16,2,without,13.3682880402
32768,20,64,4,16,2,without,13.1699559689
32768,20,64,4,16,2,without,13.7373650074
32768,20,64,4,16,2,without,13.8185579777
32768,20,64,4,16,2,without,13.9565160275
32768,20,64,4,16,2,without,13.3322458267
32768,20,64,4,16,2,without,22.0252439976
32768,20,64,4,16,2,without,13.724271059
32768,20,64,4,16,2,without,13.1984059811
32768,20,64,4,16,2,without,14.2772409916
32768,20,64,4,16,2,without,15.759223938
32768,20,64,4,16,2,without,14.3303771019
32768,20,64,4,16,2,without,14.0926520824
32768,20,64,4,16,2,without,13.7231678963
32768,20,64,4,16,2,without,13.5992908478
32768,20,64,4,16,2,without,14.4899311066
32768,20,64,4,16,2,without,14.3025109768
32768,20,64,4,16,2,without,13.4497210979
32768,20,64,4,16,2,without,14.1807758808
32768,20,64,4,16,2,without,14.3020699024
32768,20,64,4,16,2,without,13.9818079472
32768,20,64,4,16,2,without,13.2939929962
32768,20,64,4,16,2,without,13.9919879436
32768,20,64,4,16,2,without,14.3977100849
32768,20,64,4,16,2,without,14.2263820171
32768,20,64,4,16,2,without,18.3581469059
32768,20,64,4,16,2,without,14.3970208168
32768,20,64,4,16,2,without,13.976982832
32768,20,64,4,16,2,without,13.9772059917
32768,20,64,4,16,2,without,14.0249450207
32768,20,64,4,16,2,without,14.5578820705
32768,20,64,4,16,2,without,14.3449168205
32768,20,64,4,16,2,without,13.3100130558
32768,20,64,4,16,2,without,14.5170080662
32768,20,64,4,16,2,without,13.9109418392
32768,20,64,4,16,2,without,13.4042048454
32768,20,64,4,16,2,without,14.4684329033
32768,20,64,4,16,2,without,14.2663199902
32768,20,64,4,16,2,without,13.36165905
32768,20,64,4,16,2,without,13.3205809593
32768,20,64,4,16,2,without,14.1751868725
32768,20,64,4,16,2,without,13.4718110561
32768,20,64,4,16,2,without,13.6909120083
262144,20,64,4,16,2,with,60.3564591408
262144,20,64,4,16,2,with,60.0665488243
262144,20,64,4,16,2,with,61.0778491497
262144,20,64,4,16,2,with,61.2032380104
262144,20,64,4,16,2,with,59.2425270081
262144,20,64,4,16,2,with,59.1058797836
262144,20,64,4,16,2,with,59.6777591705
262144,20,64,4,16,2,with,60.1195960045
262144,20,64,4,16,2,with,60.6065011024
262144,20,64,4,16,2,with,59.4424440861
262144,20,64,4,16,2,with,59.0785651207
262144,20,64,4,16,2,with,59.3855850697
262144,20,64,4,16,2,with,61.1208360195
262144,20,64,4,16,2,with,59.1459870338
262144,20,64,4,16,2,with,61.2741570473
262144,20,64,4,16,2,with,60.0088670254
262144,20,64,4,16,2,with,60.1638550758
262144,20,64,4,16,2,with,62.3305151463
262144,20,64,4,16,2,with,59.967553854
262144,20,64,4,16,2,with,58.970179081
262144,20,64,4,16,2,with,61.0930080414
262144,20,64,4,16,2,with,59.9769420624
262144,20,64,4,16,2,with,62.1502380371
262144,20,64,4,16,2,with,61.4351699352
262144,20,64,4,16,2,with,60.7052459717
262144,20,64,4,16,2,with,60.1566441059
262144,20,64,4,16,2,with,59.6057839394
262144,20,64,4,16,2,with,61.5175869465
262144,20,64,4,16,2,with,61.5994851589
262144,20,64,4,16,2,with,59.2881708145
262144,20,64,4,16,2,with,59.3482201099
262144,20,64,4,16,2,with,59.6815319061
262144,20,64,4,16,2,with,61.481580019
262144,20,64,4,16,2,with,60.9205098152
262144,20,64,4,16,2,with,60.1752159595
262144,20,64,4,16,2,with,59.1333761215
262144,20,64,4,16,2,with,62.6106920242
262144,20,64,4,16,2,with,59.6807699203
262144,20,64,4,16,2,with,59.7796270847
262144,20,64,4,16,2,with,62.2551860809
262144,20,64,4,16,2,with,59.2460780144
262144,20,64,4,16,2,with,60.6684458256
262144,20,64,4,16,2,with,59.6121060848
262144,20,64,4,16,2,with,60.1879911423
262144,20,64,4,16,2,with,62.3487010002
262144,20,64,4,16,2,with,58.8933608532
262144,20,64,4,16,2,with,60.5614089966
262144,20,64,4,16,2,with,59.5696921349
262144,20,64,4,16,2,with,61.6186950207
262144,20,64,4,16,2,with,58.8493070602
262144,20,64,4,16,2,without,62.1834340096
262144,20,64,4,16,2,without,62.5493888855
262144,20,64,4,16,2,without,59.3520178795
262144,20,64,4,16,2,without,61.3516099453
262144,20,64,4,16,2,without,60.8095390797
262144,20,64,4,16,2,without,59.8049640656
262144,20,64,4,16,2,without,60.1051380634
262144,20,64,4,16,2,without,59.288203001
262144,20,64,4,16,2,without,61.4997639656
262144,20,64,4,16,2,without,60.3279421329
262144,20,64,4,16,2,without,60.8050878048
262144,20,64,4,16,2,without,60.573846817
262144,20,64,4,16,2,without,59.020097971
262144,20,64,4,16,2,without,61.5612249374
262144,20,64,4,16,2,without,62.6898870468
262144,20,64,4,16,2,without,59.976485014
262144,20,64,4,16,2,without,60.775990963
262144,20,64,4,16,2,without,61.0171229839
262144,20,64,4,16,2,without,60.8471980095
262144,20,64,4,16,2,without,59.6989531517
262144,20,64,4,16,2,without,59.3194141388
262144,20,64,4,16,2,without,60.0815758705
262144,20,64,4,16,2,without,60.3183140755
262144,20,64,4,16,2,without,60.0926530361
262144,20,64,4,16,2,without,61.0626349449
262144,20,64,4,16,2,without,60.1651039124
262144,20,64,4,16,2,without,60.8349070549
262144,20,64,4,16,2,without,60.0540549755
262144,20,64,4,16,2,without,60.3305358887
262144,20,64,4,16,2,without,61.8373100758
262144,20,64,4,16,2,without,61.357129097
262144,20,64,4,16,2,without,59.5768098831
262144,20,64,4,16,2,without,60.3285150528
262144,20,64,4,16,2,without,60.5552449226
262144,20,64,4,16,2,without,60.8185839653
262144,20,64,4,16,2,without,60.1736729145
262144,20,64,4,16,2,without,59.4086179733
262144,20,64,4,16,2,without,59.7170000076
262144,20,64,4,16,2,without,60.5597319603
262144,20,64,4,16,2,without,60.8705170155
262144,20,64,4,16,2,without,60.0975000858
262144,20,64,4,16,2,without,60.3738520145
262144,20,64,4,16,2,without,60.8785281181
262144,20,64,4,16,2,without,58.9866168499
262144,20,64,4,16,2,without,60.6356551647
262144,20,64,4,16,2,without,60.1295979023
262144,20,64,4,16,2,without,59.0623240471
262144,20,64,4,16,2,without,59.6324939728
262144,20,64,4,16,2,without,62.3184599876
262144,20,64,4,16,2,without,59.5912690163
1048576,20,64,4,16,2,without,228.940069914
1048576,20,64,4,16,2,without,221.713757992
1048576,20,64,4,16,2,without,229.227838993
1048576,20,64,4,16,2,without,223.516436815
1048576,20,64,4,16,2,without,223.773812056
1048576,20,64,4,16,2,without,220.971811056
1048576,20,64,4,16,2,without,224.052369118
1048576,20,64,4,16,2,without,223.540533066
1048576,20,64,4,16,2,without,222.062476158
1048576,20,64,4,16,2,without,226.747025967
1048576,20,64,4,16,2,without,223.165258169
1048576,20,64,4,16,2,without,220.8955791
1048576,20,64,4,16,2,without,222.564111948
1048576,20,64,4,16,2,without,222.867886782
1048576,20,64,4,16,2,without,222.868669033
1048576,20,64,4,16,2,without,228.059108973
1048576,20,64,4,16,2,without,227.565886974
1048576,20,64,4,16,2,without,225.91851306
1048576,20,64,4,16,2,without,234.923276186
1048576,20,64,4,16,2,without,225.810505152
1048576,20,64,4,16,2,without,224.081768036
1048576,20,64,4,16,2,without,234.003782988
1048576,20,64,4,16,2,without,225.134586811
1048576,20,64,4,16,2,without,227.225118876
1048576,20,64,4,16,2,without,223.628196001
1048576,20,64,4,16,2,without,224.879852057
1048576,20,64,4,16,2,without,223.750351906
1048576,20,64,4,16,2,without,221.381153107
1048576,20,64,4,16,2,without,228.320140123
1048576,20,64,4,16,2,without,224.029607058
1048576,20,64,4,16,2,without,225.440141916
1048576,20,64,4,16,2,without,226.054353952
1048576,20,64,4,16,2,without,231.929842949
1048576,20,64,4,16,2,without,222.681349993
1048576,20,64,4,16,2,without,228.554194927
1048576,20,64,4,16,2,without,220.98837781
1048576,20,64,4,16,2,without,228.563724995
1048576,20,64,4,16,2,without,225.931164026
1048576,20,64,4,16,2,without,222.089613914
1048576,20,64,4,16,2,without,222.833214998
1048576,20,64,4,16,2,without,224.861258984
1048576,20,64,4,16,2,without,223.671941042
1048576,20,64,4,16,2,without,225.550134897
1048576,20,64,4,16,2,without,227.273651838
1048576,20,64,4,16,2,without,229.783107996
1048576,20,64,4,16,2,without,231.83730793
1048576,20,64,4,16,2,without,227.652376175
1048576,20,64,4,16,2,without,226.762823105
1048576,20,64,4,16,2,without,226.996583939
1048576,20,64,4,16,2,without,224.03305912
1048576,20,64,4,16,2,with,233.037930965
1048576,20,64,4,16,2,with,224.598475933
1048576,20,64,4,16,2,with,232.286307096
1048576,20,64,4,16,2,with,227.451286077
1048576,20,64,4,16,2,with,228.016960144
1048576,20,64,4,16,2,with,230.939100027
1048576,20,64,4,16,2,with,231.352520943
1048576,20,64,4,16,2,with,228.651960135
1048576,20,64,4,16,2,with,234.627543926
1048576,20,64,4,16,2,with,229.647121906
1048576,20,64,4,16,2,with,234.297657967
1048576,20,64,4,16,2,with,227.350836039
1048576,20,64,4,16,2,with,226.194890022
1048576,20,64,4,16,2,with,228.902652979
1048576,20,64,4,16,2,with,227.251466036
1048576,20,64,4,16,2,with,227.904984951
1048576,20,64,4,16,2,with,236.383182049
1048576,20,64,4,16,2,with,224.705921888
1048576,20,64,4,16,2,with,231.169307947
1048576,20,64,4,16,2,with,231.861475945
1048576,20,64,4,16,2,with,227.47415185
1048576,20,64,4,16,2,with,227.58612299
1048576,20,64,4,16,2,with,225.425443888
1048576,20,64,4,16,2,with,228.964522839
1048576,20,64,4,16,2,with,225.872286081
1048576,20,64,4,16,2,with,228.95313406
1048576,20,64,4,16,2,with,231.610400915
1048576,20,64,4,16,2,with,227.837920904
1048576,20,64,4,16,2,with,235.705147982
1048576,20,64,4,16,2,with,228.16554904
1048576,20,64,4,16,2,with,231.449241161
1048576,20,64,4,16,2,with,226.107273102
1048576,20,64,4,16,2,with,228.644039869
1048576,20,64,4,16,2,with,239.254889011
1048576,20,64,4,16,2,with,227.049588919
1048576,20,64,4,16,2,with,232.686650038
1048576,20,64,4,16,2,with,229.76639986
1048576,20,64,4,16,2,with,225.911113024
1048576,20,64,4,16,2,with,231.452790022
1048576,20,64,4,16,2,with,230.735702991
1048576,20,64,4,16,2,with,230.235583067
1048576,20,64,4,16,2,with,233.437391996
1048576,20,64,4,16,2,with,225.52354002
1048576,20,64,4,16,2,with,234.266499996
1048576,20,64,4,16,2,with,234.702612877
1048576,20,64,4,16,2,with,226.867624044
1048576,20,64,4,16,2,with,231.956301928
1048576,20,64,4,16,2,with,227.123486042
1048576,20,64,4,16,2,with,230.487093925
1048576,20,64,4,16,2,with,232.512069941
4194304,20,64,2,16,2,without,752.004703999
4194304,20,64,2,16,2,without,762.443732023
4194304,20,64,2,16,2,without,744.951591015
4194304,20,64,2,16,2,without,731.803692102
4194304,20,64,2,16,2,without,753.955260992
4194304,20,64,2,16,2,without,725.358865023
4194304,20,64,2,16,2,without,728.805931091
4194304,20,64,2,16,2,without,731.158366919
4194304,20,64,2,16,2,without,719.456366062
4194304,20,64,2,16,2,without,731.468502998
4194304,20,64,2,16,2,without,730.944463015
4194304,20,64,2,16,2,without,720.01019311
4194304,20,64,2,16,2,without,720.831452131
4194304,20,64,2,16,2,without,733.275825024
4194304,20,64,2,16,2,without,734.771404982
4194304,20,64,2,16,2,without,727.659501791
4194304,20,64,2,16,2,without,731.593814135
4194304,20,64,2,16,2,without,719.103207111
4194304,20,64,2,16,2,with,635.253597021
4194304,20,64,2,16,2,with,625.985813141
4194304,20,64,2,16,2,with,619.660458088
4194304,20,64,2,16,2,with,630.021465778
4194304,20,64,2,16,2,with,614.686570883
4194304,20,64,2,16,2,with,631.106117964
4194304,20,64,2,16,2,with,635.925833941
4194304,20,64,2,16,2,with,616.907031059
4194304,20,64,2,16,2,with,650.379297018
4194304,20,64,2,16,2,with,614.455348015
4194304,20,64,2,16,2,with,626.418366194
4194304,20,64,2,16,2,with,632.510011911
4194304,20,64,2,16,2,with,624.092652082
4194304,20,64,2,16,2,with,621.857900858
4194304,20,64,2,16,2,with,638.451688051
4194304,20,64,2,16,2,with,610.886595011
4194304,20,64,2,16,2,with,635.581515074
4194304,20,64,2,16,2,with,635.051064968
4194304,20,64,2,16,2,with,622.615180016
4194304,20,64,2,16,2,with,631.841519117
4194304,20,64,2,16,2,with,615.021075964
4194304,20,64,2,16,2,with,631.620672941
4194304,20,64,2,16,2,with,647.480285168
4194304,20,64,2,16,2,with,621.420902967
4194304,20,64,2,16,2,with,648.906800032
4194304,20,64,2,16,2,with,623.987262964
4194304,20,64,2,16,2,with,612.991661072
4194304,20,64,2,16,2,with,620.252638102
4194304,20,64,2,16,2,with,616.510987043
4194304,20,64,2,16,2,with,637.070544958
4194304,20,64,2,16,2,with,623.145790815
4194304,20,64,2,16,2,with,629.093395948
4194304,20,64,2,16,2,with,624.70954895
4194304,20,64,2,16,2,with,629.598879099
4194304,20,64,2,16,2,with,619.149944782
4194304,20,64,2,16,2,with,613.940303087
4194304,20,64,2,16,2,with,632.140389919
4194304,20,64,2,16,2,with,637.803975105
4194304,20,64,2,16,2,with,620.169721127
4194304,20,64,2,16,2,with,615.316233873
4194304,20,64,2,16,2,with,619.203175068
4194304,20,64,2,16,2,with,664.745904922
4194304,20,64,2,16,2,with,630.130404949
4194304,20,64,2,16,2,with,624.748098135
4194304,20,64,2,16,2,with,625.817219019
4194304,20,64,2,16,2,with,625.064115047
524288,20,64,4,16,2,with,120.249800205
524288,20,64,4,16,2,with,118.403574228
524288,20,64,4,16,2,with,114.114507914
524288,20,64,4,16,2,with,114.756546021
524288,20,64,4,16,2,with,115.457885027
524288,20,64,4,16,2,with,113.835340023
524288,20,64,4,16,2,with,117.553409815
524288,20,64,4,16,2,with,118.180080891
524288,20,64,4,16,2,with,119.584485054
524288,20,64,4,16,2,with,113.798154831
524288,20,64,4,16,2,with,115.273229837
524288,20,64,4,16,2,with,114.697670937
524288,20,64,4,16,2,with,114.340039015
524288,20,64,4,16,2,with,226.147638083
524288,20,64,4,16,2,with,116.568347216
524288,20,64,4,16,2,with,113.319411993
524288,20,64,4,16,2,with,114.759290934
524288,20,64,4,16,2,with,114.334409952
524288,20,64,4,16,2,with,115.534139156
524288,20,64,4,16,2,with,113.446419001
524288,20,64,4,16,2,with,114.660576105
524288,20,64,4,16,2,with,116.485530138
524288,20,64,4,16,2,with,114.750308037
524288,20,64,4,16,2,with,117.252557039
524288,20,64,4,16,2,with,115.284661055
524288,20,64,4,16,2,with,113.113905907
524288,20,64,4,16,2,with,113.878098965
524288,20,64,4,16,2,with,115.079121828
524288,20,64,4,16,2,with,113.523569107
524288,20,64,4,16,2,with,114.866912127
524288,20,64,4,16,2,with,115.032099009
524288,20,64,4,16,2,with,114.805654049
524288,20,64,4,16,2,with,114.457692146
524288,20,64,4,16,2,with,114.288562059
524288,20,64,4,16,2,with,112.980203152
524288,20,64,4,16,2,with,114.113801956
524288,20,64,4,16,2,with,114.926966906
524288,20,64,4,16,2,with,112.605913877
524288,20,64,4,16,2,with,114.075664043
524288,20,64,4,16,2,with,115.525099993
524288,20,64,4,16,2,with,115.033430815
524288,20,64,4,16,2,with,114.750118971
524288,20,64,4,16,2,with,116.548316002
524288,20,64,4,16,2,with,114.888816833
524288,20,64,4,16,2,with,114.927698135
524288,20,64,4,16,2,with,113.996965885
524288,20,64,4,16,2,with,116.826682806
524288,20,64,4,16,2,with,114.824189901
524288,20,64,4,16,2,with,115.357401848
524288,20,64,4,16,2,with,117.06301403
524288,20,64,4,16,2,without,116.767001867
524288,20,64,4,16,2,without,120.53448987
524288,20,64,4,16,2,without,114.810755968
524288,20,64,4,16,2,without,114.373309851
524288,20,64,4,16,2,without,114.410432816
524288,20,64,4,16,2,without,114.497435093
524288,20,64,4,16,2,without,117.385608196
524288,20,64,4,16,2,without,116.879449129
524288,20,64,4,16,2,without,113.797160864
524288,20,64,4,16,2,without,114.406343937
524288,20,64,4,16,2,without,114.578449011
524288,20,64,4,16,2,without,113.00919199
524288,20,64,4,16,2,without,334.153331995
524288,20,64,4,16,2,without,117.412238121
524288,20,64,4,16,2,without,115.810961962
524288,20,64,4,16,2,without,117.02676487
524288,20,64,4,16,2,without,114.463732004
524288,20,64,4,16,2,without,113.336381912
524288,20,64,4,16,2,without,111.876662016
524288,20,64,4,16,2,without,113.192045927
524288,20,64,4,16,2,without,116.591701031
524288,20,64,4,16,2,without,119.502808094
524288,20,64,4,16,2,without,116.48574996
524288,20,64,4,16,2,without,120.778047085
524288,20,64,4,16,2,without,118.540309191
524288,20,64,4,16,2,without,117.341289043
524288,20,64,4,16,2,without,114.736641884
524288,20,64,4,16,2,without,114.416543961
524288,20,64,4,16,2,without,117.138455868
524288,20,64,4,16,2,without,116.683223009
524288,20,64,4,16,2,without,120.076967001
524288,20,64,4,16,2,without,115.319580078
524288,20,64,4,16,2,without,115.972635984
524288,20,64,4,16,2,without,114.474136829
524288,20,64,4,16,2,without,113.866831064
524288,20,64,4,16,2,without,115.277107
524288,20,64,4,16,2,without,117.293334007
524288,20,64,4,16,2,without,116.939669132
524288,20,64,4,16,2,without,114.619946957
524288,20,64,4,16,2,without,117.473279953
524288,20,64,4,16,2,without,118.103101015
524288,20,64,4,16,2,without,116.446045876
524288,20,64,4,16,2,without,116.381288052
524288,20,64,4,16,2,without,112.922164917
524288,20,64,4,16,2,without,114.092329025
524288,20,64,4,16,2,without,113.71578002
524288,20,64,4,16,2,without,113.685938835
524288,20,64,4,16,2,without,115.985871077
524288,20,64,4,16,2,without,115.46332407
524288,20,64,4,16,2,without,113.59541297
2097152,20,64,4,16,2,without,448.084645033
2097152,20,64,4,16,2,without,454.453405857
2097152,20,64,4,16,2,without,446.858320951
2097152,20,64,4,16,2,without,455.421614885
2097152,20,64,4,16,2,without,447.583866119
2097152,20,64,4,16,2,without,461.134404898
2097152,20,64,4,16,2,without,445.188771009
2097152,20,64,4,16,2,without,449.650344849
2097152,20,64,4,16,2,without,446.356997967
2097152,20,64,4,16,2,without,449.283392906
2097152,20,64,4,16,2,without,447.377254963
2097152,20,64,4,16,2,without,440.948854923
2097152,20,64,4,16,2,without,446.147906065
2097152,20,64,4,16,2,without,442.316890001
2097152,20,64,4,16,2,without,457.801234007
2097152,20,64,4,16,2,without,447.144071102
2097152,20,64,4,16,2,without,450.540800095
2097152,20,64,4,16,2,without,464.735018969
2097152,20,64,4,16,2,without,452.732537031
2097152,20,64,4,16,2,without,451.096966028
2097152,20,64,4,16,2,without,441.968948841
2097152,20,64,4,16,2,without,443.891551971
2097152,20,64,4,16,2,without,452.356796026
2097152,20,64,4,16,2,without,462.50600481
2097152,20,64,4,16,2,without,455.200011969
2097152,20,64,4,16,2,without,453.510194063
2097152,20,64,4,16,2,without,461.592809916
2097152,20,64,4,16,2,without,452.761878014
2097152,20,64,4,16,2,without,445.299309015
2097152,20,64,4,16,2,without,447.366925001
2097152,20,64,4,16,2,without,449.493071079
2097152,20,64,4,16,2,without,453.908265114
2097152,20,64,4,16,2,without,446.253480196
2097152,20,64,4,16,2,without,444.893224955
2097152,20,64,4,16,2,without,453.418746948
2097152,20,64,4,16,2,without,451.810204029
2097152,20,64,4,16,2,without,442.410049915
2097152,20,64,4,16,2,without,451.681606054
2097152,20,64,4,16,2,without,451.225214958
2097152,20,64,4,16,2,without,444.669613838
2097152,20,64,4,16,2,without,456.738992929
2097152,20,64,4,16,2,without,450.290185928
2097152,20,64,4,16,2,without,440.061011076
2097152,20,64,4,16,2,without,448.726547003
2097152,20,64,4,16,2,without,474.058396101
2097152,20,64,4,16,2,without,450.758814096
2097152,20,64,4,16,2,without,445.875972986
2097152,20,64,4,16,2,without,442.730200052
2097152,20,64,4,16,2,without,443.969563007
2097152,20,64,4,16,2,without,462.780200005
2097152,20,64,4,16,2,with,441.545745134
2097152,20,64,4,16,2,with,453.219443083
2097152,20,64,4,16,2,with,451.385771036
2097152,20,64,4,16,2,with,459.507956982
2097152,20,64,4,16,2,with,457.953205824
2097152,20,64,4,16,2,with,453.925104141
2097152,20,64,4,16,2,with,454.673484087
2097152,20,64,4,16,2,with,447.347773075
2097152,20,64,4,16,2,with,454.648290873
2097152,20,64,4,16,2,with,453.809041977
2097152,20,64,4,16,2,with,452.228917837
2097152,20,64,4,16,2,with,456.402225971
2097152,20,64,4,16,2,with,456.940860987
2097152,20,64,4,16,2,with,453.735845089
2097152,20,64,4,16,2,with,444.752995014
2097152,20,64,4,16,2,with,449.986005783
2097152,20,64,4,16,2,with,447.524883986
2097152,20,64,4,16,2,with,450.444748163
2097152,20,64,4,16,2,with,453.620913029
2097152,20,64,4,16,2,with,464.016283035
2097152,20,64,4,16,2,with,449.445426941
2097152,20,64,4,16,2,with,456.908371925
2097152,20,64,4,16,2,with,452.313209057
2097152,20,64,4,16,2,with,444.974786997
2097152,20,64,4,16,2,with,465.55090785
2097152,20,64,4,16,2,with,450.591114998
2097152,20,64,4,16,2,with,451.235306025
2097152,20,64,4,16,2,with,448.263849974
2097152,20,64,4,16,2,with,465.581858158
2097152,20,64,4,16,2,with,449.458755016
2097152,20,64,4,16,2,with,441.92572999
2097152,20,64,4,16,2,with,447.522684097
2097152,20,64,4,16,2,with,456.38052702
2097152,20,64,4,16,2,with,440.110672951
2097152,20,64,4,16,2,with,465.01523304
2097152,20,64,4,16,2,with,449.899137974
2097152,20,64,4,16,2,with,446.273823023
2097152,20,64,4,16,2,with,449.490071058
2097152,20,64,4,16,2,with,458.407573938
2097152,20,64,4,16,2,with,454.774876118
2097152,20,64,4,16,2,with,453.0955441
2097152,20,64,4,16,2,with,450.072271824
2097152,20,64,4,16,2,with,453.803022146
2097152,20,64,4,16,2,with,468.434157848
2097152,20,64,4,16,2,with,456.587983131
2097152,20,64,4,16,2,with,450.403219223
2097152,20,64,4,16,2,with,451.691120148
2097152,20,64,4,16,2,with,469.925512075
2097152,20,64,4,16,2,with,451.15682292
2097152,20,64,4,16,2,with,443.508390903
2097152,20,64,4,16,2,with,446.50524497
2097152,20,64,4,16,2,with,446.081285954
2097152,20,64,4,16,2,with,439.754150152
2097152,20,64,4,16,2,with,444.847063065
2097152,20,64,4,16,2,with,438.656098843
2097152,20,64,4,16,2,with,434.362682104
2097152,20,64,4,16,2,with,458.453926086
2097152,20,64,4,16,2,with,445.311779976
2097152,20,64,4,16,2,with,447.032994986
2097152,20,64,4,16,2,with,437.359620094
2097152,20,64,4,16,2,with,442.702773094
2097152,20,64,4,16,2,with,443.313909054
2097152,20,64,4,16,2,with,465.653266907
2097152,20,64,4,16,2,with,440.271692038
2097152,20,64,4,16,2,with,440.122933149
2097152,20,64,4,16,2,with,439.244842052
2097152,20,64,4,16,2,with,451.782694817
2097152,20,64,4,16,2,with,442.999229193
2097152,20,64,4,16,2,with,441.628744125
2097152,20,64,4,16,2,with,447.880200863
2097152,20,64,4,16,2,without,446.474521875
2097152,20,64,4,16,2,without,444.195655823
2097152,20,64,4,16,2,without,443.715969086
2097152,20,64,4,16,2,without,450.386240005
2097152,20,64,4,16,2,without,445.78836298
2097152,20,64,4,16,2,without,442.68117404
2097152,20,64,4,16,2,without,448.100504875
2097152,20,64,4,16,2,without,445.38974905
2097152,20,64,4,16,2,without,451.645565987
2097152,20,64,4,16,2,without,452.510666847
2097152,20,64,4,16,2,without,449.48338604
2097152,20,64,4,16,2,without,438.209290981
2097152,20,64,4,16,2,without,450.819020033
2097152,20,64,4,16,2,without,453.521904945
2097152,20,64,4,16,2,without,439.332735062
2097152,20,64,4,16,2,without,453.894654989
2097152,20,64,4,16,2,without,452.087313175
2097152,20,64,4,16,2,without,445.880247831
2097152,20,64,4,16,2,without,456.429238081
2097152,20,64,4,16,2,without,457.316511154
2097152,20,64,4,16,2,without,456.780036926
2097152,20,64,4,16,2,without,448.904154062
2097152,20,64,4,16,2,without,442.420986891
2097152,20,64,4,16,2,without,446.482838869
2097152,20,64,4,16,2,without,447.911948919
2097152,20,64,4,16,2,without,460.590372801
2097152,20,64,4,16,2,without,445.827919006
2097152,20,64,4,16,2,without,446.758036852
2097152,20,64,4,16,2,without,438.051210165
2097152,20,64,4,16,2,without,455.090408087
2097152,20,64,4,16,2,without,451.220499992
2097152,20,64,4,16,2,without,449.639894962
2097152,20,64,4,16,2,without,447.411909819
2097152,20,64,4,16,2,without,447.278316975
2097152,20,64,4,16,2,without,456.861657143
2097152,20,64,4,16,2,without,453.077212095
2097152,20,64,4,16,2,without,444.183758974
2097152,20,64,4,16,2,without,449.032769918
2097152,20,64,4,16,2,without,453.597985029
2097152,20,64,4,16,2,without,445.811519146
2097152,20,64,4,16,2,without,462.006692171
2097152,20,64,4,16,2,without,446.872416019
2097152,20,64,4,16,2,without,446.746487856
2097152,20,64,4,16,2,without,446.529036999
2097152,20,64,4,16,2,without,454.020606995
2097152,20,64,4,16,2,without,445.927248001
2097152,20,64,4,16,2,without,443.633677959
2097152,20,64,4,16,2,without,454.46517992
2097152,20,64,4,16,2,without,445.073220968
2097152,20,64,4,16,2,without,443.076455116
2097152,20,64,4,16,2,with,445.865558147
2097152,20,64,4,16,2,with,459.035950899
2097152,20,64,4,16,2,with,455.20820117
2097152,20,64,4,16,2,with,436.976796865
2097152,20,64,4,16,2,with,445.721179962
2097152,20,64,4,16,2,with,445.561351061
2097152,20,64,4,16,2,with,434.702063084
2097152,20,64,4,16,2,with,445.908741951
2097152,20,64,4,16,2,with,446.149321079
2097152,20,64,4,16,2,with,447.798064947
2097152,20,64,4,16,2,with,444.382053852
2097152,20,64,4,16,2,with,441.501753092
2097152,20,64,4,16,2,with,437.913354874
2097152,20,64,4,16,2,with,446.918889046
2097152,20,64,4,16,2,with,445.846848965
2097152,20,64,4,16,2,with,448.761607885
2097152,20,64,4,16,2,with,441.024115086
2097152,20,64,4,16,2,with,442.119482994
2097152,20,64,4,16,2,with,440.090980053
2097152,20,64,4,16,2,with,453.958322048
2097152,20,64,4,16,2,with,441.130607843
2097152,20,64,4,16,2,with,439.506639004
2097152,20,64,4,16,2,with,445.305358171
2097152,20,64,4,16,2,with,449.793431044
2097152,20,64,4,16,2,with,442.448455811
2097152,20,64,4,16,2,with,454.862148046
2097152,20,64,4,16,2,with,442.998668909
2097152,20,64,4,16,2,with,451.625238895
2097152,20,64,4,16,2,with,450.523906946
2097152,20,64,4,16,2,with,445.132736921
2097152,20,64,4,16,2,with,435.951188087
2097152,20,64,4,16,2,with,450.176229
2097152,20,64,4,16,2,with,433.001770973
2097152,20,64,4,16,2,with,457.816534996
2097152,20,64,4,16,2,with,440.02956605
2097152,20,64,4,16,2,with,445.242959023
2097152,20,64,4,16,2,with,461.341248989
2097152,20,64,4,16,2,with,440.387647152
2097152,20,64,4,16,2,with,450.985083103
2097152,20,64,4,16,2,with,448.307844877
2097152,20,64,4,16,2,with,462.192304134
2097152,20,64,4,16,2,with,444.978509903
2097152,20,64,4,16,2,with,444.243561983
2097152,20,64,4,16,2,with,447.149401903
2097152,20,64,4,16,2,with,440.386580944
2097152,20,64,4,16,2,with,443.525832176
2097152,20,64,4,16,2,with,464.23566699
2097152,20,64,4,16,2,with,446.297919989
2097152,20,64,4,16,2,with,438.652963877
2097152,20,64,4,16,2,with,447.351309061
2097152,20,64,4,16,2,without,441.438439131
2097152,20,64,4,16,2,without,441.522973061
2097152,20,64,4,16,2,without,441.538990974
2097152,20,64,4,16,2,without,441.946504831
2097152,20,64,4,16,2,without,432.830546141
2097152,20,64,4,16,2,without,438.097302198
2097152,20,64,4,16,2,without,450.241161108
2097152,20,64,4,16,2,without,444.518121958
2097152,20,64,4,16,2,without,456.538156986
2097152,20,64,4,16,2,without,441.848940849
2097152,20,64,4,16,2,without,436.521590948
2097152,20,64,4,16,2,without,439.134221792
2097152,20,64,4,16,2,without,439.970827103
2097152,20,64,4,16,2,without,458.277822971
2097152,20,64,4,16,2,without,431.818760157
2097152,20,64,4,16,2,without,448.684271812
2097152,20,64,4,16,2,without,439.557416916
2097152,20,64,4,16,2,without,443.801286936
2097152,20,64,4,16,2,without,433.744601965
2097152,20,64,4,16,2,without,441.499494076
2097152,20,64,4,16,2,without,451.696451902
2097152,20,64,4,16,2,without,443.742738962
2097152,20,64,4,16,2,without,433.760538101
2097152,20,64,4,16,2,without,462.748025894
2097152,20,64,4,16,2,without,441.040709019
2097152,20,64,4,16,2,without,447.107070923
2097152,20,64,4,16,2,without,454.742383003
2097152,20,64,4,16,2,without,437.969781876
2097152,20,64,4,16,2,without,451.754554987
2097152,20,64,4,16,2,without,442.944494009
2097152,20,64,4,16,2,without,442.608942986
2097152,20,64,4,16,2,without,439.740109921
2097152,20,64,4,16,2,without,457.049118996
2097152,20,64,4,16,2,without,443.893141031
2097152,20,64,4,16,2,without,447.601737976
2097152,20,64,4,16,2,without,444.013391972
2097152,20,64,4,16,2,without,446.667731047
2097152,20,64,4,16,2,without,445.322577953
2097152,20,64,4,16,2,without,448.966224909
2097152,20,64,4,16,2,without,438.649841785
2097152,20,64,4,16,2,without,436.115124941
2097152,20,64,4,16,2,without,439.85603404
2097152,20,64,4,16,2,without,440.950924873
2097152,20,64,4,16,2,without,443.802567959
2097152,20,64,4,16,2,without,444.064524889
2097152,20,64,4,16,2,without,444.993834972
2097152,20,64,4,16,2,without,439.903331041
2097152,20,64,4,16,2,without,441.371164083
2097152,20,64,4,16,2,without,442.997279882
2097152,20,64,4,16,2,without,442.553935051
33554432,20,64,4,16,2,with,7076.42921519
33554432,20,64,4,16,2,with,7456.61245203
33554432,20,64,4,16,2,with,7125.68773794
33554432,20,64,4,16,2,with,7120.23879194
33554432,20,64,4,16,2,with,7073.57033706
33554432,20,64,4,16,2,with,7094.19165087
33554432,20,64,4,16,2,with,7107.36978602
33554432,20,64,4,16,2,with,7038.99509788
33554432,20,64,4,16,2,with,7220.99867201
33554432,20,64,4,16,2,with,7065.97775483
33554432,20,64,4,16,2,with,7119.75864196
33554432,20,64,4,16,2,with,7302.14680195
33554432,20,64,4,16,2,with,7067.65812206
33554432,20,64,4,16,2,with,7032.56249309
33554432,20,64,4,16,2,with,7076.08660603
33554432,20,64,4,16,2,without,9654.41307998
33554432,20,64,4,16,2,without,9645.72538304
33554432,20,64,4,16,2,without,9636.13177419
33554432,20,64,4,16,2,without,9679.47378898
33554432,20,64,4,16,2,without,9761.77782798
33554432,20,64,4,16,2,without,9927.13411713
33554432,20,64,4,16,2,without,9860.21923804
33554432,20,64,4,16,2,without,9706.00744796
33554432,20,64,4,16,2,without,9719.59795189
33554432,20,64,4,16,2,without,9732.3867619
33554432,20,64,4,16,2,without,9814.44838881
33554432,20,64,4,16,2,without,9694.33447003
33554432,20,64,4,16,2,without,9712.51636004
33554432,20,64,4,16,2,without,9909.11283302
33554432,20,64,4,16,2,without,9758.41385388
33554432,20,64,4,16,2,with,6899.88807917
33554432,20,64,4,16,2,with,7025.85586095
33554432,20,64,4,16,2,with,6985.16145086
33554432,20,64,4,16,2,with,6881.58530807
33554432,20,64,4,16,2,with,7000.95925784
33554432,20,64,4,16,2,with,6951.49469495
33554432,20,64,4,16,2,with,7058.06870508
33554432,20,64,4,16,2,with,7065.92493606
33554432,20,64,4,16,2,with,6956.62291002
33554432,20,64,4,16,2,with,7085.1788342
33554432,20,64,4,16,2,with,6959.142627
33554432,20,64,4,16,2,with,7157.53514481
33554432,20,64,4,16,2,with,7127.48544216
33554432,20,64,4,16,2,with,6945.35432601
33554432,20,64,4,16,2,with,7196.11594605
33554432,20,64,4,16,2,without,9654.31505704
33554432,20,64,4,16,2,without,9639.86471701
33554432,20,64,4,16,2,without,9665.79071808
33554432,20,64,4,16,2,without,9584.41747904
33554432,20,64,4,16,2,without,9683.28289104
33554432,20,64,4,16,2,without,9693.56796288
33554432,20,64,4,16,2,without,9655.40854597
33554432,20,64,4,16,2,without,9793.92723417
33554432,20,64,4,16,2,without,9705.04769993
33554432,20,64,4,16,2,without,9940.8169291
33554432,20,64,4,16,2,without,9881.65028095
33554432,20,64,4,16,2,without,9765.18027091
33554432,20,64,4,16,2,without,9868.7239511
33554432,20,64,4,16,2,without,9648.38509607
33554432,20,64,4,16,2,without,9731.7081809
16777216,20,64,4,16,2,with,3592.29265785
16777216,20,64,4,16,2,with,3479.21010804
16777216,20,64,4,16,2,with,3527.23265195
16777216,20,64,4,16,2,with,3469.41440892
16777216,20,64,4,16,2,with,3559.42924094
16777216,20,64,4,16,2,with,3507.96106601
16777216,20,64,4,16,2,with,3603.86033607
16777216,20,64,4,16,2,with,3630.72999811
16777216,20,64,4,16,2,with,3525.73390508
16777216,20,64,4,16,2,with,3542.75754809
16777216,20,64,4,16,2,with,3480.29797697
16777216,20,64,4,16,2,with,3536.5043509
16777216,20,64,4,16,2,with,3548.49184918
16777216,20,64,4,16,2,with,3526.10377789
16777216,20,64,4,16,2,with,3472.56071687
16777216,20,64,4,16,2,with,3488.23123503
16777216,20,64,4,16,2,with,3525.82135701
16777216,20,64,4,16,2,with,3502.52723694
16777216,20,64,4,16,2,with,3511.93927002
16777216,20,64,4,16,2,with,3478.41327882
16777216,20,64,4,16,2,with,3516.83357906
16777216,20,64,4,16,2,with,3539.12075591
16777216,20,64,4,16,2,with,3614.733428
16777216,20,64,4,16,2,with,3469.38210082
16777216,20,64,4,16,2,with,3498.50943995
16777216,20,64,4,16,2,with,3487.65342999
16777216,20,64,4,16,2,with,3544.99864101
16777216,20,64,4,16,2,with,3481.38004494
16777216,20,64,4,16,2,with,3573.42052007
16777216,20,64,4,16,2,with,3520.53845787
16777216,20,64,4,16,2,without,4834.89794207
16777216,20,64,4,16,2,without,4948.12729692
16777216,20,64,4,16,2,without,4802.3662622
16777216,20,64,4,16,2,without,4836.552598
16777216,20,64,4,16,2,without,4823.71294498
16777216,20,64,4,16,2,without,4952.77054405
16777216,20,64,4,16,2,without,4799.41809201
16777216,20,64,4,16,2,without,4826.65650916
16777216,20,64,4,16,2,without,4878.13236284
16777216,20,64,4,16,2,without,4823.70237899
16777216,20,64,4,16,2,without,4985.81459785
16777216,20,64,4,16,2,without,4897.79540396
16777216,20,64,4,16,2,without,4941.01729798
16777216,20,64,4,16,2,without,4928.34488821
16777216,20,64,4,16,2,without,4917.0622561
16777216,20,64,4,16,2,without,4901.39516902
16777216,20,64,4,16,2,without,4847.75450301
16777216,20,64,4,16,2,without,4955.55664611
16777216,20,64,4,16,2,without,4947.95143914
16777216,20,64,4,16,2,without,4846.63015509
16777216,20,64,4,16,2,without,4904.76156616
16777216,20,64,4,16,2,without,4842.87328887
16777216,20,64,4,16,2,without,4808.99440312
16777216,20,64,4,16,2,without,4841.12072206
16777216,20,64,4,16,2,without,4844.07964587
16777216,20,64,4,16,2,without,4998.74243689
16777216,20,64,4,16,2,without,4819.75905704
16777216,20,64,4,16,2,without,4885.84369802
16777216,20,64,4,16,2,without,4874.12328291
16777216,20,64,4,16,2,without,4826.18657684
16777216,20,64,4,16,2,with,3687.22881198
16777216,20,64,4,16,2,with,3416.7785449
16777216,20,64,4,16,2,with,3411.84204507
16777216,20,64,4,16,2,with,3513.02099895
16777216,20,64,4,16,2,with,3555.64137793
16777216,20,64,4,16,2,with,3414.16669679
16777216,20,64,4,16,2,with,3500.42609096
16777216,20,64,4,16,2,with,3432.51165104
16777216,20,64,4,16,2,with,3372.67920113
16777216,20,64,4,16,2,with,3471.26025987
16777216,20,64,4,16,2,with,3358.24158001
16777216,20,64,4,16,2,with,3394.56795001
16777216,20,64,4,16,2,with,3478.69720507
16777216,20,64,4,16,2,with,3523.99336982
16777216,20,64,4,16,2,with,3485.59630704
16777216,20,64,4,16,2,with,3408.31782007
16777216,20,64,4,16,2,with,3461.80244803
16777216,20,64,4,16,2,with,3437.23484397
16777216,20,64,4,16,2,with,3404.23807478
16777216,20,64,4,16,2,with,3418.35572791
16777216,20,64,4,16,2,with,3497.05766892
16777216,20,64,4,16,2,with,3441.09518814
16777216,20,64,4,16,2,with,3406.67741799
16777216,20,64,4,16,2,with,3477.0690639
16777216,20,64,4,16,2,with,3466.74886203
16777216,20,64,4,16,2,with,3420.47754812
16777216,20,64,4,16,2,with,3491.19467115
16777216,20,64,4,16,2,with,3383.36261415
16777216,20,64,4,16,2,with,3592.12724996
16777216,20,64,4,16,2,with,3431.84955502
16777216,20,64,4,16,2,without,4858.5521462
16777216,20,64,4,16,2,without,4892.64240694
16777216,20,64,4,16,2,without,4791.66653204
16777216,20,64,4,16,2,without,4765.40366197
16777216,20,64,4,16,2,without,4798.03052807
16777216,20,64,4,16,2,without,4766.34124708
16777216,20,64,4,16,2,without,4769.63085699
16777216,20,64,4,16,2,without,4809.69113994
16777216,20,64,4,16,2,without,4776.830513
16777216,20,64,4,16,2,without,4739.74144793
16777216,20,64,4,16,2,without,4793.0708971
16777216,20,64,4,16,2,without,4698.08505201
16777216,20,64,4,16,2,without,4743.22430611
16777216,20,64,4,16,2,without,4791.37833118
16777216,20,64,4,16,2,without,4780.11933994
16777216,20,64,4,16,2,without,4786.10503697
16777216,20,64,4,16,2,without,4846.55037403
16777216,20,64,4,16,2,without,4748.78648806
16777216,20,64,4,16,2,without,4797.65140414
16777216,20,64,4,16,2,without,4818.74370193
16777216,20,64,4,16,2,without,4781.35203099
16777216,20,64,4,16,2,without,4767.63093686
16777216,20,64,4,16,2,without,4899.99991393
16777216,20,64,4,16,2,without,4774.24941206
16777216,20,64,4,16,2,without,4814.02813387
16777216,20,64,4,16,2,without,4751.16049695
16777216,20,64,4,16,2,without,4839.78364491
16777216,20,64,4,16,2,without,4784.80755591
16777216,20,64,4,16,2,without,4765.79185295
16777216,20,64,4,16,2,without,4832.02504611
4194304,20,64,5,16,2,with,1029.23834109
4194304,20,64,5,16,2,with,1020.99871182
4194304,20,64,5,16,2,with,1032.57490087
4194304,20,64,5,16,2,with,1056.77942181
4194304,20,64,5,16,2,with,1024.76887798
4194304,20,64,5,16,2,with,1024.73565388
4194304,20,64,5,16,2,with,1053.63891697
4194304,20,64,5,16,2,with,1024.58331084
4194304,20,64,5,16,2,with,1022.18128204
4194304,20,64,5,16,2,with,1053.18947387
4194304,20,64,5,16,2,with,1018.030231
4194304,20,64,5,16,2,with,1029.28404713
4194304,20,64,5,16,2,with,1021.93714094
4194304,20,64,5,16,2,with,1010.86879301
4194304,20,64,5,16,2,with,1034.93166685
4194304,20,64,5,16,2,with,1020.60194492
4194304,20,64,5,16,2,with,1027.39894795
4194304,20,64,5,16,2,with,1019.02826309
4194304,20,64,5,16,2,with,1031.23535109
4194304,20,64,5,16,2,with,1075.66848993
4194304,20,64,5,16,2,with,1052.45405912
4194304,20,64,5,16,2,with,1042.66851115
4194304,20,64,5,16,2,with,1046.69305611
4194304,20,64,5,16,2,with,1020.75146198
4194304,20,64,5,16,2,with,1009.15184307
4194304,20,64,5,16,2,with,1009.14934683
4194304,20,64,5,16,2,with,1004.99440503
4194304,20,64,5,16,2,with,1006.20947695
4194304,20,64,5,16,2,with,1014.53327703
4194304,20,64,5,16,2,with,1012.48995686
4194304,20,64,5,16,2,with,1014.87975192
4194304,20,64,5,16,2,with,1025.49007201
4194304,20,64,5,16,2,with,1029.09396791
4194304,20,64,5,16,2,with,1001.60681605
4194304,20,64,5,16,2,with,1018.27577615
4194304,20,64,5,16,2,with,1030.85238886
4194304,20,64,5,16,2,with,1013.06125093
4194304,20,64,5,16,2,with,1024.0701642
4194304,20,64,5,16,2,with,1036.058249
4194304,20,64,5,16,2,with,1054.35128784
4194304,20,64,5,16,2,with,1020.65942311
4194304,20,64,5,16,2,with,1060.51108289
4194304,20,64,5,16,2,with,1003.08028007
4194304,20,64,5,16,2,with,1026.06257987
4194304,20,64,5,16,2,with,1003.56630182
4194304,20,64,5,16,2,with,1033.56875491
4194304,20,64,5,16,2,with,1052.76464581
4194304,20,64,5,16,2,with,1021.84306502
4194304,20,64,5,16,2,with,1038.00709701
4194304,20,64,5,16,2,with,1019.859272
4194304,20,64,5,16,2,without,1124.25681901
4194304,20,64,5,16,2,without,1138.04611588
4194304,20,64,5,16,2,without,1114.95025301
4194304,20,64,5,16,2,without,1123.79998302
4194304,20,64,5,16,2,without,1132.46774387
4194304,20,64,5,16,2,without,1139.29474711
4194304,20,64,5,16,2,without,1140.66714907
4194304,20,64,5,16,2,without,1135.76937413
4194304,20,64,5,16,2,without,1129.20535994
4194304,20,64,5,16,2,without,1129.58942604
4194304,20,64,5,16,2,without,1135.96495295
4194304,20,64,5,16,2,without,1127.9007771
4194304,20,64,5,16,2,without,1118.76028299
4194304,20,64,5,16,2,without,1148.343822
4194304,20,64,5,16,2,without,1152.67557693
4194304,20,64,5,16,2,without,1148.504843
4194304,20,64,5,16,2,without,1133.53883791
4194304,20,64,5,16,2,without,1161.92053699
4194304,20,64,5,16,2,without,1125.5145421
4194304,20,64,5,16,2,without,1170.84386516
4194304,20,64,5,16,2,without,1129.34815502
4194304,20,64,5,16,2,without,1125.89367199
4194304,20,64,5,16,2,without,1150.01025414
4194304,20,64,5,16,2,without,1153.77022314
4194304,20,64,5,16,2,without,1132.95983505
4194304,20,64,5,16,2,without,1130.49213099
4194304,20,64,5,16,2,without,1126.43884706
4194304,20,64,5,16,2,without,1187.40673399
4194304,20,64,5,16,2,without,1123.34540915
4194304,20,64,5,16,2,without,1126.36246419
4194304,20,64,5,16,2,without,1181.36736298
4194304,20,64,5,16,2,without,1139.88224721
4194304,20,64,5,16,2,without,1117.72206998
4194304,20,64,5,16,2,without,1135.2189939
4194304,20,64,5,16,2,without,1148.0673449
4194304,20,64,5,16,2,without,1128.32935596
4194304,20,64,5,16,2,without,1131.45043421
4194304,20,64,5,16,2,without,1139.19260287
4194304,20,64,5,16,2,without,1122.75314593
4194304,20,64,5,16,2,without,1125.80852509
4194304,20,64,5,16,2,without,1126.170784
4194304,20,64,5,16,2,without,1135.05240798
4194304,20,64,5,16,2,without,1153.05173612
4194304,20,64,5,16,2,without,1113.18973804
4194304,20,64,5,16,2,without,1135.07500911
4194304,20,64,5,16,2,without,1194.4878819
4194304,20,64,5,16,2,without,1124.40175891
4194304,20,64,5,16,2,without,1165.69802999
4194304,20,64,5,16,2,without,1131.81901503
4194304,20,64,5,16,2,without,1149.39923096
4194304,20,64,3,16,2,with,774.733750105
4194304,20,64,3,16,2,with,749.654192924
4194304,20,64,3,16,2,with,756.503503084
4194304,20,64,3,16,2,with,752.364131927
4194304,20,64,3,16,2,with,757.637885094
4194304,20,64,3,16,2,with,748.285974979
4194304,20,64,3,16,2,with,755.554141998
4194304,20,64,3,16,2,with,782.460114002
4194304,20,64,3,16,2,with,779.313231945
4194304,20,64,3,16,2,with,744.166035891
4194304,20,64,3,16,2,with,747.09552002
4194304,20,64,3,16,2,with,758.798411131
4194304,20,64,3,16,2,with,766.829351902
4194304,20,64,3,16,2,with,762.062541008
4194304,20,64,3,16,2,with,746.476139069
4194304,20,64,3,16,2,with,760.820955038
4194304,20,64,3,16,2,with,793.912616968
4194304,20,64,3,16,2,with,756.556745052
4194304,20,64,3,16,2,with,759.377413034
4194304,20,64,3,16,2,with,756.250304937
4194304,20,64,3,16,2,with,756.625937939
4194304,20,64,3,16,2,with,744.281418085
4194304,20,64,3,16,2,with,753.936914206
4194304,20,64,3,16,2,with,764.423500061
4194304,20,64,3,16,2,with,778.008495092
4194304,20,64,3,16,2,with,753.104974031
4194304,20,64,3,16,2,with,756.593659878
4194304,20,64,3,16,2,with,770.961025
4194304,20,64,3,16,2,with,776.123897791
4194304,20,64,3,16,2,with,789.649160147
4194304,20,64,3,16,2,with,769.737812996
4194304,20,64,3,16,2,with,757.918408871
4194304,20,64,3,16,2,with,753.644053936
4194304,20,64,3,16,2,with,769.618883848
4194304,20,64,3,16,2,with,754.413363934
4194304,20,64,3,16,2,with,760.757472992
4194304,20,64,3,16,2,with,772.76816988
4194304,20,64,3,16,2,with,750.235928059
4194304,20,64,3,16,2,with,762.589193106
4194304,20,64,3,16,2,with,777.939659119
4194304,20,64,3,16,2,with,748.401608944
4194304,20,64,3,16,2,with,754.865320921
4194304,20,64,3,16,2,with,760.582570076
4194304,20,64,3,16,2,with,758.341491938
4194304,20,64,3,16,2,with,756.204085827
4194304,20,64,3,16,2,with,744.068933964
4194304,20,64,3,16,2,with,746.211097002
4194304,20,64,3,16,2,with,761.259258032
4194304,20,64,3,16,2,with,753.780018091
4194304,20,64,3,16,2,with,749.509239197
4194304,20,64,3,16,2,without,874.174343109
4194304,20,64,3,16,2,without,875.282020092
4194304,20,64,3,16,2,without,855.192199945
4194304,20,64,3,16,2,without,876.137315035
4194304,20,64,3,16,2,without,867.502690792
4194304,20,64,3,16,2,without,864.120504856
4194304,20,64,3,16,2,without,867.827044964
4194304,20,64,3,16,2,without,870.775490999
4194304,20,64,3,16,2,without,875.367722034
4194304,20,64,3,16,2,without,869.017155886
4194304,20,64,3,16,2,without,877.558516026
4194304,20,64,3,16,2,without,884.431765795
4194304,20,64,3,16,2,without,887.303493977
4194304,20,64,3,16,2,without,870.51614809
4194304,20,64,3,16,2,without,858.96646595
4194304,20,64,3,16,2,without,874.232015133
4194304,20,64,3,16,2,without,889.228693962
4194304,20,64,3,16,2,without,872.073349953
4194304,20,64,3,16,2,without,869.357656956
4194304,20,64,3,16,2,without,860.501945019
4194304,20,64,3,16,2,without,869.741163015
4194304,20,64,3,16,2,without,859.562602043
4194304,20,64,3,16,2,without,873.43407011
4194304,20,64,3,16,2,without,862.475895166
4194304,20,64,3,16,2,without,861.40903306
4194304,20,64,3,16,2,without,876.475044012
4194304,20,64,3,16,2,without,864.016918898
4194304,20,64,3,16,2,without,858.917762995
4194304,20,64,3,16,2,without,864.829756975
4194304,20,64,3,16,2,without,862.611788988
4194304,20,64,3,16,2,without,869.102704048
4194304,20,64,3,16,2,without,873.880923986
4194304,20,64,3,16,2,without,885.308016062
4194304,20,64,3,16,2,without,856.024415016
4194304,20,64,3,16,2,without,862.846207142
4194304,20,64,3,16,2,without,890.163408041
4194304,20,64,3,16,2,without,889.865999937
4194304,20,64,3,16,2,without,876.39188695
4194304,20,64,3,16,2,without,862.232456923
4194304,20,64,3,16,2,without,869.746143103
4194304,20,64,3,16,2,without,891.436681032
4194304,20,64,3,16,2,without,873.323292017
4194304,20,64,3,16,2,without,862.563444138
4194304,20,64,3,16,2,without,858.861725092
4194304,20,64,3,16,2,without,858.408453941
4194304,20,64,3,16,2,without,862.498521805
4194304,20,64,3,16,2,without,867.433877945
4194304,20,64,3,16,2,without,870.204192877
4194304,20,64,3,16,2,without,870.741278887
4194304,20,64,3,16,2,without,869.784540892
